email,delta,reason,transaction_time
mbu09a@gmail.com,1,save_passage,2025-05-06 21:51:00
mbu09a@gmail.com,1,save_passage,2025-05-06 21:50:53
magdelenestubbins@gmail.com,1,ask_question,2025-05-06 21:16:18
magdelenestubbins@gmail.com,1,ask_question,2025-05-06 21:09:53
toddfishbone@gmail.com,1,ask_question,2025-05-06 20:04:16
toddfishbone@gmail.com,1,ask_question,2025-05-06 20:04:08
mbu09a@gmail.com,1,ask_question,2025-05-06 20:03:35
mbu09a@gmail.com,1,ask_question,2025-05-06 19:54:00
mbu09a@gmail.com,1,ask_question,2025-05-06 19:52:10
